"PersonID","Alias"
"1","Aaron"
"2","Abaddon"
"3","Abagtha"
"4","Abda"
"5","Abdeel"
"6","Abdi"
"7","Abdi"
"8","Abdi"
"9","Abdiel"
"10","Abdon"
"11","Abdon"
"12","Abdon"
"13","Abel"
"14","Abi"
"15","Abiah"
"16","Abiah"
"17","Abiah"
"19","Abiasaph"
"20","Abiathar"
"22","Abidan"
"23","Abiel"
"24","Abiezer"
"25","Abiezer"
"26","Abigail"
"27","Abigail"
"28","Abihail"
"29","Abihail"
"30","Abihail"
"31","Abihail"
"32","Abihail"
"33","Abihu"
"34","Abihud"
"35","Abijah"
"36","Abijah"
"37","Abijah"
"38","Abijam"
"39","Abimael"
"40","Abimelech"
"41","Abimelech"
"42","Abimelech"
"43","Abinadab"
"44","Abinadab"
"45","Abinadab"
"46","Abinoam"
"47","Abiram"
"48","Abiram"
"49","Abishag"
"50","Abishai"
"51","Abishua"
"52","Abishua"
"53","Abishur"
"54","Abital"
"55","Abitub"
"56","Abiud"
"57","Abner"
"58","Abram"
"59","Absalom"
"60","Achaicus"
"61","Achan"
"62","Achbor"
"63","Achbor"
"64","Achbor"
"65","Achim"
"66","Achish"
"67","Achsa"
"68","Achsah"
"69","Adah"
"70","Adaiah"
"71","Adaiah"
"72","Adaiah"
"73","Adaiah"
"74","Adaiah"
"75","Adaiah"
"76","Adaiah"
"77","Adalia"
"78","Adam"
"79","Adbeel"
"80","Addar"
"81","Addi"
"82","Ader"
"83","Adiel"
"84","Adiel"
"85","Adiel"
"86","Adin"
"87","Adin"
"88","Adina"
"89","Adino"
"90","Adlai"
"91","Admatha"
"92","Adna"
"93","Adna"
"94","Adnah"
"95","Adnah"
"97","Adonijah"
"98","Adonijah"
"99","Adonijah"
"100","Adonikam"
"102","Adoram"
"103","Adrammelech"
"104","Adrammelech"
"105","Adriel"
"106","Aeneas"
"107","Agabus"
"108","Agag"
"109","Agag"
"110","Agee"
"111","Agrippa"
"112","Agur"
"113","Ahab"
"114","Ahab"
"115","Aharhel"
"116","Ahasbai"
"117","Ahasuerus"
"118","Ahaz"
"119","Ahaz"
"120","Ahaziah"
"121","Ahaziah"
"122","Ahban"
"123","Aher"
"124","Ahi"
"125","Ahi"
"126","Ahiah"
"127","Ahiah"
"128","Ahiah"
"129","Ahiam"
"130","Ahian"
"131","Ahiezer"
"132","Ahiezer"
"133","Ahihud"
"134","Ahihud"
"135","Ahijah"
"136","Ahijah"
"137","Ahijah"
"138","Ahijah"
"139","Ahijah"
"140","Ahijah"
"141","Ahikam"
"142","Ahilud"
"143","Ahimaaz"
"144","Ahimaaz"
"145","Ahimaaz"
"146","Ahiman"
"147","Ahiman"
"148","Ahimelech"
"149","Ahimelech"
"150","Ahimoth"
"151","Ahinadab"
"152","Ahinoam"
"153","Ahinoam"
"154","Ahio"
"155","Ahio"
"156","Ahio"
"157","Ahira"
"158","Ahiram"
"159","Ahisamach"
"160","Ahishahar"
"161","Ahishar"
"162","Ahithophel"
"163","Ahitub"
"164","Ahitub"
"165","Ahitub"
"166","Ahlai"
"167","Ahlai"
"168","Ahoah"
"169","Aholah"
"170","Aholiab"
"171","Aholibah"
"172","Aholibamah"
"173","Aholibamah"
"174","Ahumai"
"175","Ahuzam"
"176","Ahuzzath"
"177","Aiah"
"178","Ajah"
"179","Akan"
"180","Akkub"
"181","Akkub"
"182","Akkub"
"183","Akkub"
"184","Alameth"
"185","Alemeth"
"186","Alexander"
"187","Alexander"
"188","Alexander"
"189","Alexander"
"190","Allon"
"191","Almodad"
"192","Alphaeus"
"193","Alphaeus"
"194","Alvah"
"195","Alvan"
"196","Amal"
"197","Amalek"
"198","Amariah"
"199","Amariah"
"200","Amariah"
"201","Amariah"
"202","Amariah"
"203","Amariah"
"204","Amariah"
"205","Amariah"
"206","Amariah"
"207","Amasa"
"208","Amasa"
"209","Amasai"
"210","Amasai"
"211","Amasai"
"212","Amasai"
"213","Amasiah"
"214","Amaziah"
"215","Amaziah"
"216","Amaziah"
"217","Amaziah"
"218","Ami"
"219","Amittai"
"220","Ammiel"
"221","Ammiel"
"222","Ammiel"
"223","Ammihud"
"224","Ammihud"
"225","Ammihud"
"226","Ammihud"
"227","Ammihud"
"228","Amminadab"
"229","Amminadab"
"230","Ammishaddai"
"231","Ammizabad"
"232","Amnon"
"233","Amnon"
"234","Amok"
"235","Amon"
"236","Amon"
"237","Amorite"
"238","Amos"
"239","Amos"
"240","Amoz"
"241","Amplias"
"242","Amram"
"243","Amram"
"244","Amraphel"
"245","Amzi"
"246","Amzi"
"247","Anah"
"248","Anah"
"249","Anah"
"250","Anaiah"
"251","Anaiah"
"252","Anak"
"253","Anamim"
"254","Anammelech"
"255","Anan"
"256","Anani"
"257","Ananiah"
"258","Ananias"
"259","Ananias"
"260","Ananias"
"261","Anath"
"262","Anathoth"
"263","Anathoth"
"264","Andrew"
"265","Andronicus"
"266","Aner"
"267","Aniam"
"268","Anna"
"269","Annas"
"270","Antipas"
"271","Antothijah"
"272","Anub"
"273","Apelles"
"274","Aphiah"
"275","Aphses"
"276","Apollos"
"277","Appaim"
"278","Apphia"
"279","Aquila"
"280","Ara"
"281","Arad"
"282","Arah"
"283","Arah"
"284","Arah"
"285","Aram"
"286","Aram"
"287","Aram"
"288","Aran"
"289","Araunah"
"290","Arba"
"291","Archelaus"
"292","Archippus"
"293","Ard"
"294","Ard"
"295","Ardon"
"296","Areli"
"297","Aretas"
"298","Argob"
"299","Aridai"
"300","Aridatha"
"301","Arieh"
"302","Ariel"
"303","Arioch"
"304","Arioch"
"305","Arisai"
"306","Aristarchus"
"308","Arkite"
"309","Armoni"
"310","Arnan"
"311","Arodi"
"312","Arphaxad"
"313","Artaxerxes"
"314","Artaxerxes"
"315","Artemas"
"316","Arvadite"
"317","Arza"
"318","Asa"
"319","Asa"
"320","Asahel"
"321","Asahel"
"322","Asahel"
"323","Asahel"
"324","Asahiah"
"325","Asaiah"
"326","Asaiah"
"327","Asaiah"
"328","Asaiah"
"329","Asaph"
"330","Asaph"
"331","Asaph"
"332","Asaph"
"333","Asareel"
"334","Asarelah"
"335","Asenath"
"336","Ashbel"
"337","Asher"
"338","Ashkenaz"
"339","Ashpenaz"
"340","Ashriel"
"341","Ashtoreth"
"342","Ashur"
"343","Ashvath"
"344","Asiel"
"345","Asnah"
"347","Aspatha"
"348","Asriel"
"349","Asshur"
"350","Asshurim"
"351","Assir"
"352","Assir"
"353","Asyncritus"
"354","Atarah"
"355","Ater"
"356","Ater"
"357","Ater"
"358","Athaiah"
"359","Athaliah"
"360","Athaliah"
"361","Athaliah"
"362","Athlai"
"363","Attai"
"364","Attai"
"365","Attai"
"366","Augustus"
"367","Azaliah"
"368","Azaniah"
"369","Azarael"
"370","Azareel"
"371","Azareel"
"372","Azareel"
"373","Azariah"
"374","Azariah"
"375","Azariah"
"376","Azariah"
"377","Azariah"
"378","Azariah"
"379","Azariah"
"380","Azariah"
"381","Azariah"
"382","Azariah"
"383","Azariah"
"384","Azariah"
"385","Azariah"
"386","Azariah"
"387","Balak"
"388","Bani"
"389","Bani"
"390","Bani"
"391","Bani"
"392","Bani"
"393","Bani"
"394","Bani"
"395","Bani"
"396","Bani"
"397","Bani"
"398","Bani"
"399","Barabbas"
"400","Barachel"
"401","Barak"
"402","Bariah"
"404","Barkos"
"405","Bartholomew"
"406","Bartimaeus"
"407","Baruch"
"408","Baruch"
"409","Baruch"
"410","Baruch"
"411","Barzillai"
"412","Barzillai"
"413","Barzillai"
"414","Bashemath"
"415","Basmath"
"416","Bathsheba"
"417","Bavai"
"418","Bazluth"
"419","Bealiah"
"420","Bebai"
"421","Bebai"
"422","Bebai"
"423","Becher"
"424","Becher"
"425","Bechorath"
"426","Bedad"
"427","Bedan"
"428","Bedan"
"429","Bedeiah"
"430","Beera"
"431","Beerah"
"432","Beeri"
"433","Beeri"
"434","Bela"
"435","Bela"
"436","Belah"
"437","Belshazzar"
"438","Ben"
"439","Benaiah"
"440","Benaiah"
"441","Benaiah"
"442","Benaiah"
"443","Benaiah"
"444","Benaiah"
"445","Benaiah"
"446","Benaiah"
"447","Benaiah"
"448","Benaiah"
"449","Benaiah"
"450","Benaiah"
"455","Benhail"
"457","Beninu"
"458","Benjamin"
"459","Benjamin"
"460","Benjamin"
"461","Benjamin"
"462","Beno"
"465","Beor"
"466","Beor"
"467","Bera"
"468","Berachah"
"469","Berachiah"
"470","Beraiah"
"471","Berechiah"
"472","Berechiah"
"473","Berechiah"
"474","Berechiah"
"475","Berechiah"
"476","Bered"
"477","Beri"
"478","Beriah"
"479","Beriah"
"480","Beriah"
"481","Beriah"
"482","Bernice"
"484","Besai"
"485","Besodeiah"
"487","Bethuel"
"488","Bezai"
"489","Bezai"
"490","Bezaleel"
"491","Bezaleel"
"492","Bezer"
"493","Bichri"
"494","Bigtha"
"495","Bigthan"
"496","Bigvai"
"497","Bigvai"
"498","Bigvai"
"499","Bildad"
"500","Bilgah"
"501","Bilgai"
"502","Bilhah"
"503","Bilhan"
"504","Bilhan"
"505","Bilshan"
"506","Bimhal"
"507","Binea"
"508","Binnui"
"509","Binnui"
"510","Binnui"
"511","Binnui"
"512","Binnui"
"513","Birsha"
"514","Birzavith"
"515","Bishlam"
"516","Bithiah"
"517","Biztha"
"518","Blastus"
"519","Boaz"
"520","Bocheru"
"521","Bohan"
"522","Bukki"
"523","Bukki"
"524","Bukkiah"
"525","Bunah"
"526","Bunni"
"527","Bunni"
"528","Bunni"
"529","Buz"
"530","Buz"
"531","Buzi"
"532","Caiaphas"
"533","Cain"
"534","Cainan"
"535","Cainan"
"536","Calcol"
"537","Caleb"
"538","Caleb"
"539","Azariah"
"540","Azariah"
"541","Azariah"
"542","Azariah"
"543","Azariah"
"544","Azariah"
"545","Azariah"
"546","Azaz"
"547","Azaziah"
"548","Azaziah"
"549","Azaziah"
"550","Azbuk"
"551","Azel"
"552","Azgad"
"553","Azgad"
"554","Aziza"
"555","Azmaveth"
"556","Azmaveth"
"557","Azmaveth"
"558","Azmaveth"
"559","Azor"
"560","Azriel"
"561","Azriel"
"562","Azriel"
"563","Azrikam"
"564","Azrikam"
"565","Azrikam"
"566","Azrikam"
"567","Azubah"
"568","Azubah"
"569","Azur"
"570","Azur"
"571","Azzan"
"572","Azzur"
"573","Baal"
"574","Baal"
"575","Baal"
"578","Baalis"
"580","Baana"
"581","Baana"
"582","Baanah"
"583","Baanah"
"584","Baanah"
"585","Baanah"
"586","Baanah"
"587","Baara"
"588","Baaseiah"
"589","Baasha"
"590","Bakbakkar"
"591","Bakbuk"
"592","Bakbukiah"
"593","Balaam"
"594","Baladan"
"595","Igeal"
"596","Ikkesh"
"597","Imlah"
"598","Immer"
"599","Immer"
"600","Immer"
"601","Imna"
"602","Imnah"
"603","Imrah"
"604","Imri"
"605","Imri"
"606","Iphedeiah"
"607","Ir"
"608","Ira"
"609","Ira"
"610","Ira"
"611","Irad"
"612","Iram"
"613","Iri"
"614","Irijah"
"615","Iru"
"616","Isaac"
"617","Isaiah"
"618","Iscah"
"619","Ishbah"
"620","Ishbak"
"623","Ishi"
"624","Ishi"
"625","Ishi"
"626","Ishi"
"627","Ishiah"
"628","Ishijah"
"629","Ishma"
"630","Ishmael"
"631","Ishmael"
"632","Ishmael"
"633","Ishmael"
"634","Ishmael"
"635","Ishmael"
"636","Ishmaiah"
"637","Ishmerai"
"638","Ishod"
"639","Ishpan"
"640","Ishuah"
"641","Ishui"
"642","Ismachiah"
"643","Ismaiah"
"644","Ispah"
"645","Issachar"
"646","Issachar"
"647","Isshiah"
"648","Isui"
"649","Ithamar"
"650","Ithiel"
"651","Ithiel"
"652","Ithmah"
"653","Ithran"
"654","Ithran"
"655","Ithream"
"656","Ittai"
"657","Ittai"
"658","Izhar"
"659","Izrahiah"
"660","Jaakobah"
"661","Jaalah"
"662","Jaalam"
"663","Jaanai"
"665","Jaasau"
"666","Jaasiel"
"667","Jaazaniah"
"668","Jaazaniah"
"669","Jaazaniah"
"670","Jaazaniah"
"671","Jaaziah"
"672","Jaaziel"
"673","Jabal"
"674","Jabesh"
"675","Jabez"
"676","Jabin"
"677","Jabin"
"678","Jachan"
"679","Jachin"
"680","Jachin"
"681","Jachin"
"682","Jacob"
"683","Jacob"
"684","Jada"
"685","Jadau"
"686","Jaddua"
"687","Jaddua"
"688","Jadon"
"689","Jael"
"690","Jahath"
"691","Jahath"
"692","Jahath"
"693","Jahath"
"694","Jahath"
"695","Jahaziah"
"696","Jahaziel"
"697","Jahaziel"
"698","Jahaziel"
"699","Jahaziel"
"700","Jahaziel"
"701","Jahdai"
"702","Jahdiel"
"703","Jahdo"
"704","Jahleel"
"705","Jahmai"
"706","Jahzeel"
"707","Jahzerah"
"708","Jair"
"709","Jair"
"710","Jair"
"711","Jairus"
"712","Jakeh"
"713","Jakim"
"714","Jakim"
"715","Jalon"
"716","Jambres"
"717","James"
"718","James"
"719","James"
"720","Jamin"
"721","Jamin"
"722","Jamin"
"723","Jamlech"
"724","Janna"
"725","Jannes"
"726","Japheth"
"727","Japhia"
"728","Japhia"
"729","Japhlet"
"730","Jared"
"731","Jaresiah"
"732","Jarha"
"733","Jarib"
"734","Jarib"
"735","Jaroah"
"736","Jashen"
"737","Jasher"
"738","Jashobeam"
"739","Jashobeam"
"740","Jashub"
"741","Jasiel"
"742","Jason"
"743","Jathniel"
"744","Javan"
"745","Jaziz"
"746","Jeaterai"
"747","Jeberechiah"
"748","Jebusite"
"749","Jecamiah"
"750","Jecholiah"
"751","Jedaiah"
"752","Jedaiah"
"753","Jedaiah"
"754","Jedaiah"
"755","Jedaiah"
"756","Jedaiah"
"757","Jediael"
"758","Jediael"
"759","Jediael"
"760","Jediael"
"761","Jedidah"
"762","Jeduthun"
"763","Jeezer"
"764","Jehaleleel"
"765","Jehalelel"
"766","Jehdeiah"
"767","Jehdeiah"
"768","Jehezekel"
"769","Jehiel"
"770","Jehiel"
"771","Jehiel"
"772","Jehiel"
"773","Jehiel"
"774","Jehiel"
"775","Jehiel"
"776","Jehiel"
"777","Jehiel"
"778","Jehiel"
"779","Jehiel"
"780","Jehiel"
"781","Jehizkiah"
"782","Jehoadah"
"783","Jehoaddan"
"784","Jehoahaz"
"785","Jehohanan"
"786","Jehohanan"
"787","Jehohanan"
"788","Jehohanan"
"789","Jehohanan"
"790","Jehohanan"
"791","Jehoiachin"
"792","Jehoiada"
"793","Jehoiada"
"794","Jehoiada"
"795","Jehoiada"
"796","Jehoiada"
"797","Jehoiarib"
"798","Jehoiarib"
"799","Jehonadab"
"800","Jehonathan"
"801","Jehonathan"
"802","Jehonathan"
"803","Jehoram"
"804","Jehoram"
"805","Jehoram"
"806","Jehoshaphat"
"807","Jehoshaphat"
"808","Jehoshaphat"
"809","Jehoshaphat"
"810","Jehoshaphat"
"811","Jehosheba"
"812","Jehozabad"
"813","Jehozabad"
"814","Jehozabad"
"815","Jehozadak"
"816","Jehu"
"817","Jehu"
"818","Jehu"
"819","Jehu"
"820","Jehu"
"821","Jehubbah"
"822","Jehucal"
"823","Jehudi"
"824","Jehudijah"
"825","Jehush"
"826","Jeiel"
"827","Jeiel"
"828","Jeiel"
"829","Jeiel"
"830","Jeiel"
"831","Jeiel"
"832","Jeiel"
"833","Jeiel"
"834","Jekameam"
"835","Jekamiah"
"836","Jekuthiel"
"837","Jemima"
"838","Jemuel"
"839","Jephthah"
"840","Jephunneh"
"841","Jephunneh"
"842","Jerah"
"843","Jerahmeel"
"844","Jerahmeel"
"845","Jerahmeel"
"846","Jered"
"847","Jeremai"
"848","Jeremiah"
"849","Jeremiah"
"850","Jeremiah"
"851","Jeremiah"
"852","Jeremiah"
"853","Jeremiah"
"854","Jeremiah"
"855","Jeremiah"
"856","Jeremoth"
"857","Jeremoth"
"858","Jeremoth"
"859","Jeremoth"
"860","Jeriah"
"861","Jeribai"
"862","Jeriel"
"863","Jerijah"
"864","Jerimoth"
"865","Jerimoth"
"866","Jerimoth"
"867","Jerimoth"
"868","Jerimoth"
"869","Jerimoth"
"870","Jerimoth"
"871","Jerioth"
"872","Jeroboam"
"873","Jeroboam"
"874","Jeroham"
"875","Jeroham"
"876","Jeroham"
"877","Jeroham"
"878","Jeroham"
"879","Jeroham"
"880","Jeroham"
"881","Jerubbesheth"
"882","Jerusha"
"883","Jesaiah"
"884","Jesaiah"
"885","Jeshaiah"
"886","Jeshaiah"
"887","Jeshaiah"
"888","Jeshebeab"
"889","Jesher"
"890","Jeshishai"
"891","Jeshohaiah"
"892","Jeshua"
"893","Jeshua"
"894","Jeshua"
"895","Jeshua"
"896","Jeshua"
"897","Jeshua"
"898","Jeshua"
"900","Jesiah"
"901","Jesiah"
"902","Jesimiel"
"903","Jesse"
"904","Jesus"
"905","Jesus Christ"
"906","Jether"
"907","Jether"
"908","Jether"
"909","Jether"
"910","Jetheth"
"911","Jetur"
"912","Jeuel"
"913","Jeush"
"914","Canaan"
"915","Canaanitish woman"
"916","Candace"
"917","Caphtorim"
"918","Carcas"
"919","Careah"
"920","Carmi"
"921","Carmi"
"922","Carshena"
"923","Casluhim"
"924","Chalcol"
"926","Chedorlaomer"
"927","Chelal"
"928","Chelluh"
"929","Chelub"
"930","Chelub"
"931","Chemosh"
"932","Chenaanah"
"933","Chenaanah"
"934","Chenani"
"935","Chenaniah"
"936","Chenaniah"
"937","Cheran"
"938","Chesed"
"939","Chileab"
"940","Chilion"
"941","Chimham"
"942","Chislon"
"943","Chloe"
"945","Chuza"
"946","Claudia"
"947","Claudius"
"948","Claudius Lysias"
"949","Clement"
"950","Cleopas"
"953","Conaniah"
"954","Concubine the Aramitess"
"955","Cononiah"
"956","Cornelius"
"957","Cosam"
"958","Coz"
"959","Cozbi"
"960","Crescens"
"961","Crispus"
"962","Cush"
"963","Cush"
"964","Cushi"
"965","Cushi"
"966","Cushi"
"967","Cyrenius"
"968","Cyrus"
"969","Dagon"
"970","Dalaiah"
"971","Dalphon"
"972","Damaris"
"973","Dan"
"974","Daniel"
"975","Daniel"
"976","Dara"
"977","Darda"
"978","Darius"
"979","Darius"
"980","Darius"
"981","Darkon"
"982","Dathan"
"983","Daughter of Herodias"
"984","Daughter of Lot - Younger"
"986","Daughter of Machir"
"987","Daughter of Meshullam"
"988","Daughter of Pharaoh"
"989","Daughter of Pharaoh"
"990","Daughter of Putiel"
"991","Daughter of Sanballat"
"992","Daughter of Shechaniah"
"993","Daughter of Shuah"
"994","David"
"995","Debir"
"996","Deborah"
"997","Deborah"
"998","Dedan"
"999","Dedan"
"1000","Dekar"
"1001","Delaiah"
"1002","Delaiah"
"1003","Delaiah"
"1004","Delaiah"
"1005","Delilah"
"1006","Demas"
"1007","Demetrius"
"1008","Diana"
"1009","Diblaim"
"1010","Dibri"
"1011","Diklah"
"1012","Dinah"
"1013","Dionysius"
"1014","Diotrephes"
"1015","Dishan"
"1016","Dishon"
"1017","Dishon"
"1018","Dodanim"
"1019","Dodavah"
"1020","Dodo"
"1021","Dodo"
"1022","Dodo"
"1023","Doeg"
"1024","Drusilla"
"1025","Dumah"
"1026","Ebal"
"1027","Ebed"
"1028","Ebed"
"1030","Eber"
"1031","Eber"
"1032","Eber"
"1033","Eden"
"1034","Eden"
"1035","Eder"
"1036","Eglah"
"1037","Eglon"
"1038","Ehi"
"1039","Ehud"
"1040","Ehud"
"1041","Eker"
"1042","Eladah"
"1043","Elah"
"1044","Elah"
"1045","Elah"
"1046","Elah"
"1047","Elah"
"1048","Elah"
"1049","Elam"
"1050","Elam"
"1051","Elam"
"1052","Elam"
"1053","Elam"
"1054","Elam"
"1055","Elasah"
"1056","Elasah"
"1057","Eldaah"
"1058","Eldad"
"1059","Elead"
"1060","Eleasah"
"1061","Eleasah"
"1062","Eleazar"
"1063","Eleazar"
"1064","Eleazar"
"1065","Eleazar"
"1066","Eleazar"
"1067","Eleazar"
"1068","Eleazar"
"1069","Eleazar"
"1070","Elhanan"
"1071","Elhanan"
"1072","Eli"
"1073","Eliab"
"1074","Eliab"
"1075","Eliab"
"1076","Eliab"
"1077","Eliab"
"1078","Eliada"
"1079","Eliada"
"1080","Eliadah"
"1081","Eliah"
"1082","Eliah"
"1083","Eliahba"
"1084","Eliakim"
"1085","Eliakim"
"1086","Eliakim"
"1087","Eliakim"
"1088","Eliakim"
"1089","Eliam"
"1090","Eliam"
"1091","Eliasaph"
"1092","Eliasaph"
"1093","Eliashib"
"1094","Eliashib"
"1095","Eliashib"
"1096","Eliashib"
"1097","Eliashib"
"1098","Eliashib"
"1099","Eliashib"
"1100","Eliashib"
"1101","Eliashib"
"1102","Eliathah"
"1103","Elidad"
"1104","Eliel"
"1105","Eliel"
"1106","Eliel"
"1107","Eliel"
"1108","Eliel"
"1109","Eliel"
"1110","Eliel"
"1111","Eliel"
"1112","Elienai"
"1113","Eliezer"
"1114","Eliezer"
"1115","Eliezer"
"1116","Eliezer"
"1117","Eliezer"
"1118","Eliezer"
"1119","Eliezer"
"1120","Eliezer"
"1121","Eliezer"
"1122","Eliezer"
"1123","Eliezer"
"1124","Elihoenai"
"1125","Elihoreph"
"1126","Elihu"
"1127","Elihu"
"1128","Elihu"
"1129","Elihu"
"1130","Elihu"
"1131","Elijah"
"1132","Elijah"
"1133","Elika"
"1134","Elimelech"
"1135","Elioenai"
"1136","Elioenai"
"1137","Elioenai"
"1138","Elioenai"
"1139","Elioenai"
"1140","Elioenai"
"1141","Elioenai"
"1142","Eliphal"
"1143","Eliphalet"
"1144","Eliphaz"
"1145","Eliphaz"
"1146","Elipheleh"
"1147","Eliphelet"
"1148","Eliphelet"
"1149","Eliphelet"
"1150","Eliphelet"
"1151","Eliphelet"
"1152","Elisabeth"
"1153","Elisha"
"1154","Elishah"
"1155","Elishama"
"1156","Elishama"
"1157","Elishama"
"1158","Elishama"
"1159","Elishama"
"1160","Elishama"
"1161","Elishaphat"
"1162","Elisheba"
"1163","Elishua"
"1164","Eliud"
"1165","Elizaphan"
"1166","Elizur"
"1167","Elkanah"
"1168","Elkanah"
"1169","Elkanah"
"1170","Elkanah"
"1171","Elkanah"
"1172","Elkanah"
"1173","Elkanah"
"1174","Elkanah"
"1175","Elmodam"
"1176","Elnaam"
"1177","Elnathan"
"1178","Elnathan"
"1179","Elnathan"
"1180","Elnathan"
"1181","Elnathan"
"1182","Elon"
"1183","Elon"
"1184","Elon"
"1185","Elpaal"
"1186","Eluzai"
"1187","Elzabad"
"1188","Elzabad"
"1189","Elzaphan"
"1190","Enan"
"1191","Enoch"
"1192","Enoch"
"1193","Enos"
"1194","Epaenetus"
"1195","Epaphras"
"1196","Epaphroditus"
"1197","Ephah"
"1198","Ephah"
"1199","Ephah"
"1200","Ephai"
"1201","Epher"
"1202","Epher"
"1203","Epher"
"1204","Ephlal"
"1205","Ephod"
"1206","Ephraim"
"1207","Ephrath"
"1208","Ephron"
"1209","Er"
"1210","Er"
"1211","Er"
"1212","Eran"
"1213","Erastus"
"1214","Eri"
"1216","Esau"
"1217","Eshban"
"1218","Eshcol"
"1219","Eshtemoa"
"1220","Eshton"
"1221","Esli"
"1222","Ethan"
"1223","Ethan"
"1224","Ethan"
"1225","Ethbaal"
"1226","Ethnan"
"1227","Eubulus"
"1228","Eunice"
"1229","Euodias"
"1230","Eutychus"
"1231","Eve"
"1232","Evi"
"1234","Ezbai"
"1235","Ezbon"
"1236","Ezbon"
"1237","Ezekiel"
"1238","Ezer"
"1239","Ezer"
"1240","Ezer"
"1241","Ezer"
"1242","Ezer"
"1243","Ezer"
"1244","Ezra"
"1245","Ezra"
"1246","Ezra"
"1247","Ezri"
"1248","Father of Barnabas and Mary"
"1249","Father of Cononiah and Shimei"
"1250","Father of Hilkiah and Shallum"
"1251","Father of Hodiah and Naham"
"1252","Father of Mamre and Eshcol and Aner"
"1253","Father of Martha and Mary and Lazarus"
"1254","Father of Nathan and Joel"
"1255","Father of Shelomith and Haziel and Haran"
"1256","Father of Tahpenes"
"1257","Felix"
"1258","Fortunatus"
"1259","Gaal"
"1260","Gabbai"
"1261","Gabriel"
"1262","Gad"
"1263","Gad"
"1264","Gaddi"
"1265","Gaddiel"
"1266","Gadi"
"1267","Gaham"
"1268","Gahar"
"1269","Gaius"
"1270","Gaius"
"1271","Gaius"
"1272","Gaius"
"1273","Galal"
"1274","Galal"
"1275","Gallio"
"1276","Gamaliel"
"1277","Gamaliel"
"1278","Gamul"
"1279","Gareb"
"1280","Garmite"
"1281","Gatam"
"1282","Gazez"
"1283","Gazez"
"1284","Gazzam"
"1285","Geber"
"1286","Geber"
"1287","Gedaliah"
"1288","Gedaliah"
"1289","Gedaliah"
"1290","Gedaliah"
"1291","Gedaliah"
"1292","Gedor"
"1293","Gehazi"
"1294","Gemalli"
"1295","Gemariah"
"1296","Gemariah"
"1297","Genubath"
"1298","Gera"
"1299","Gera"
"1300","Gera"
"1301","Gera"
"1302","Gershom"
"1303","Gershom"
"1304","Gershom"
"1305","Gershon"
"1306","Gesham"
"1307","Geshem"
"1308","Gether"
"1309","Geuel"
"1310","Gibbar"
"1311","Giddalti"
"1312","Giddel"
"1313","Giddel"
"1314","Gideon"
"1315","Gideoni"
"1316","Gilalai"
"1317","Gilead"
"1318","Gilead"
"1319","Gilead"
"1320","Ginath"
"1321","Ginnethon"
"1322","Girgasite"
"1323","Gispa"
"1324","God"
"1325","Gog"
"1326","Gog"
"1327","Goliath"
"1328","Gomer"
"1329","Gomer"
"1330","Guni"
"1331","Guni"
"1332","Haahashtari"
"1333","Habaiah"
"1334","Habakkuk"
"1335","Habaziniah"
"1336","Hachaliah"
"1337","Hachmoni"
"1338","Hadad"
"1339","Hadad"
"1340","Hadadezer"
"1341","Hadar"
"1342","Hadar"
"1343","Hadassah"
"1344","Hadlai"
"1345","Hadoram"
"1346","Hagab"
"1347","Hagabah"
"1348","Hagar"
"1349","Haggai"
"1350","Haggeri"
"1351","Haggi"
"1352","Haggiah"
"1353","Haggith"
"1354","Hakkatan"
"1355","Hakkoz"
"1356","Hakupha"
"1357","Hallohesh"
"1358","Halohesh"
"1359","Ham"
"1360","Haman"
"1361","Hamathite"
"1362","Hammedatha"
"1363","Hammelech"
"1364","Hammoleketh"
"1365","Hamor"
"1366","Hamuel"
"1367","Hamul"
"1368","Hamutal"
"1369","Hanameel"
"1370","Hanan"
"1371","Hanan"
"1372","Hanan"
"1373","Hanan"
"1374","Hanan"
"1375","Hanan"
"1376","Hanan"
"1377","Hanan"
"1378","Hanan"
"1379","Hanani"
"1380","Hanani"
"1381","Hanani"
"1382","Hanani"
"1383","Hanani"
"1384","Hananiah"
"1385","Hananiah"
"1386","Hananiah"
"1387","Hananiah"
"1388","Hananiah"
"1389","Hananiah"
"1390","Hananiah"
"1391","Hananiah"
"1392","Hananiah"
"1393","Hananiah"
"1394","Hananiah"
"1395","Hananiah"
"1396","Hananiah"
"1397","Hananiah"
"1398","Hananiah"
"1399","Haniel"
"1400","Hannah"
"1401","Hanniel"
"1402","Hanoch"
"1403","Hanoch"
"1404","Hanun"
"1405","Hanun"
"1406","Hanun"
"1407","Haran"
"1408","Haran"
"1409","Haran"
"1410","Harbona"
"1411","Harbonah"
"1412","Hareph"
"1413","Harhaiah"
"1414","Harhas"
"1415","Harhur"
"1416","Harim"
"1417","Harim"
"1418","Harim"
"1419","Hariph"
"1420","Harnepher"
"1421","Haroeh"
"1422","Harsha"
"1423","Harum"
"1424","Harumaph"
"1425","Haruz"
"1426","Hasadiah"
"1427","Hasenuah"
"1428","Hashabiah"
"1429","Hashabiah"
"1430","Hashabiah"
"1431","Hashabiah"
"1432","Hashabiah"
"1433","Hashabiah"
"1434","Hashabiah"
"1435","Hashabiah"
"1436","Hashabiah"
"1437","Hashabiah"
"1438","Hashabnah"
"1439","Hashabniah"
"1440","Hashabniah"
"1441","Hashbadana"
"1442","Hashub"
"1443","Hashub"
"1444","Hashub"
"1445","Hashubah"
"1446","Hashum"
"1447","Hashum"
"1448","Hashum"
"1449","Hassenaah"
"1450","Hasshub"
"1451","Hasupha"
"1452","Hatach"
"1453","Hathath"
"1454","Hatipha"
"1455","Hatita"
"1456","Hattil"
"1457","Hattush"
"1458","Hattush"
"1459","Hattush"
"1460","Hattush"
"1461","Havilah"
"1462","Havilah"
"1463","Hazael"
"1464","Hazaiah"
"1465","Hazarmaveth"
"1466","Hazelelponi"
"1467","Haziel"
"1468","Hazo"
"1469","Heber"
"1470","Heber"
"1471","Heber"
"1472","Heber"
"1473","Heber"
"1474","Heber"
"1475","Hebron"
"1476","Hebron"
"1477","Hege"
"1478","Helah"
"1479","Heldai"
"1480","Heleb"
"1481","Helek"
"1482","Helez"
"1483","Helez"
"1484","Heli"
"1485","Helkai"
"1486","Helon"
"1487","Hemam"
"1488","Heman"
"1489","Heman"
"1490","Heman"
"1491","Hemath"
"1492","Hemdan"
"1493","Henadad"
"1494","Henadad"
"1495","Henadad"
"1496","Hepher"
"1497","Hepher"
"1498","Hepher"
"1500","Heresh"
"1501","Hermas"
"1502","Hermes"
"1503","Hermogenes"
"1504","Herod"
"1505","Herod"
"1506","Herod"
"1507","Herodias"
"1508","Herodion"
"1509","Hesed"
"1510","Heth"
"1511","Hezeki"
"1512","Hezekiah"
"1513","Hezekiah"
"1514","Hezekiah"
"1515","Hezion"
"1516","Hezir"
"1517","Hezir"
"1518","Hezrai"
"1519","Hezron"
"1520","Hezron"
"1521","Hiddai"
"1522","Hiel"
"1523","Hilkiah"
"1524","Hilkiah"
"1525","Hilkiah"
"1526","Hilkiah"
"1527","Hilkiah"
"1528","Hilkiah"
"1529","Hilkiah"
"1530","Hillel"
"1531","Hirah"
"1532","Hiram"
"1533","Hiram"
"1534","Hivite"
"1535","Hizkiah"
"1536","Hizkijah"
"1537","Hobab"
"1538","Hod"
"1539","Hodaiah"
"1540","Hodaviah"
"1541","Hodaviah"
"1542","Hodaviah"
"1543","Hodesh"
"1544","Hodiah"
"1545","Hodijah"
"1546","Hodijah"
"1547","Hodijah"
"1548","Hoglah"
"1549","Hoham"
"1550","Hophni"
"1551","Horam"
"1552","Hori"
"1553","Hori"
"1554","Hosah"
"1555","Hosea"
"1556","Hoshaiah"
"1557","Hoshaiah"
"1558","Hoshama"
"1559","Hoshea"
"1560","Hoshea"
"1561","Hoshea"
"1562","Hotham"
"1563","Hothan"
"1564","Hothir"
"1566","Hul"
"1567","Huldah"
"1568","Huppah"
"1569","Huppim"
"1570","Huppim"
"1571","Hur"
"1572","Hur"
"1573","Hur"
"1574","Hur"
"1575","Huram"
"1576","Huri"
"1577","Hushai"
"1578","Husham"
"1579","Hushim"
"1580","Hushim"
"1581","Hushim"
"1582","Huz"
"1583","Hymenaeus"
"1584","Ibhar"
"1585","Ibneiah"
"1586","Ibnijah"
"1587","Ibri"
"1588","Ibzan"
"1590","Idbash"
"1591","Iddo"
"1592","Iddo"
"1593","Iddo"
"1594","Iddo"
"1595","Iddo"
"1596","Iddo"
"1597","Iddo"
"1598","Igal"
"1599","Igal"
"1600","Igdaliah"
"1601","Jeush"
"1602","Jeush"
"1603","Jeush"
"1604","Jeuz"
"1605","Jezebel"
"1606","Jezer"
"1607","Jeziah"
"1608","Jeziel"
"1609","Jezliah"
"1610","Jezoar"
"1611","Jezrahiah"
"1612","Jezreel"
"1613","Jezreel"
"1614","Jibsam"
"1615","Jidlaph"
"1616","Jimnah"
"1617","Joab"
"1618","Joab"
"1619","Joab"
"1620","Joab"
"1621","Joah"
"1622","Joah"
"1623","Joah"
"1624","Joah"
"1625","Joah"
"1626","Joah"
"1627","Joahaz"
"1628","Joanna"
"1629","Joanna"
"1630","Joash"
"1631","Joash"
"1632","Joash"
"1633","Joash"
"1634","Joash"
"1635","Joash"
"1636","Joash"
"1637","Joash"
"1638","Job"
"1639","Job"
"1640","Jobab"
"1641","Jobab"
"1642","Jobab"
"1643","Jobab"
"1644","Jobab"
"1645","Jochebed"
"1646","Joed"
"1647","Joel"
"1648","Joel"
"1649","Joel"
"1650","Joel"
"1651","Joel"
"1652","Joel"
"1653","Joel"
"1654","Joel"
"1655","Joel"
"1656","Joel"
"1657","Joel"
"1658","Joel"
"1659","Joel"
"1660","Joel"
"1661","Joelah"
"1662","Joezer"
"1663","Jogli"
"1664","Joha"
"1665","Joha"
"1666","Johanan"
"1667","Johanan"
"1668","Johanan"
"1669","Johanan"
"1670","Johanan"
"1671","Johanan"
"1672","Johanan"
"1673","Johanan"
"1674","Johanan"
"1675","Johanan"
"1676","John"
"1677","John"
"1678","John"
"1679","John"
"1680","Joiada"
"1681","Joiakim"
"1682","Joiarib"
"1683","Joiarib"
"1684","Jokim"
"1685","Jokshan"
"1686","Joktan"
"1687","Jona"
"1688","Jonadab"
"1689","Jonah"
"1690","Jonan"
"1691","Jonathan"
"1692","Jonathan"
"1693","Jonathan"
"1694","Jonathan"
"1695","Jonathan"
"1696","Jonathan"
"1697","Jonathan"
"1698","Jonathan"
"1699","Jonathan"
"1700","Jonathan"
"1701","Jonathan"
"1702","Jonathan"
"1703","Jorah"
"1704","Jorai"
"1705","Joram"
"1706","Joram"
"1707","Jorim"
"1708","Josabad"
"1709","Jose"
"1710","Joseph"
"1711","Joseph"
"1712","Joseph"
"1713","Joseph"
"1714","Joseph"
"1715","Joseph"
"1716","Joseph"
"1717","Joseph"
"1718","Joseph"
"1719","Joseph"
"1720","Joseph"
"1721","Joses"
"1722","Joses"
"1723","Joshah"
"1724","Joshaphat"
"1725","Joshaviah"
"1726","Joshbekashah"
"1727","Joshua"
"1728","Joshua"
"1729","Joshua"
"1730","Josiah"
"1731","Josiah"
"1732","Josibiah"
"1733","Josiphiah"
"1734","Jotham"
"1735","Jotham"
"1736","Jotham"
"1737","Jozabad"
"1738","Jozabad"
"1739","Jozabad"
"1740","Jozabad"
"1741","Jozabad"
"1742","Jozabad"
"1743","Jozabad"
"1744","Jozabad"
"1745","Jozabad"
"1746","Jozachar"
"1747","Jozadak"
"1748","Jubal"
"1749","Juda"
"1750","Juda"
"1751","Judah"
"1752","Judah"
"1753","Judah"
"1754","Judah"
"1755","Judah"
"1756","Judas"
"1757","Judas"
"1758","Judas"
"1759","Judas"
"1760","Judas Iscariot"
"1761","Judith"
"1762","Julia"
"1763","Julius"
"1764","Junia"
"1766","Justus"
"1767","Kadmiel"
"1768","Kallai"
"1769","Kedar"
"1770","Kedemah"
"1771","Kelaiah"
"1772","Kelita"
"1773","Kemuel"
"1774","Kemuel"
"1775","Kemuel"
"1776","Kenaz"
"1777","Kenaz"
"1778","Kenaz"
"1779","Kenaz"
"1781","Keros"
"1782","Keturah"
"1783","Kezia"
"1784","Kish"
"1785","Kish"
"1786","Kish"
"1787","Kish"
"1788","Kishi"
"1789","Kittim"
"1790","Kohath"
"1791","Kolaiah"
"1792","Kolaiah"
"1793","Korah"
"1794","Korah"
"1795","Korah"
"1796","Korah"
"1797","Kore"
"1798","Kore"
"1799","Koz"
"1800","Koz"
"1801","Laadah"
"1802","Laadan"
"1803","Laban"
"1804","Lael"
"1805","Lahad"
"1806","Lahmi"
"1807","Laish"
"1808","Lamech"
"1809","Lamech"
"1810","Lapidoth"
"1811","Lazarus"
"1812","Lazarus"
"1813","Leah"
"1814","Lebanah"
"1815","Lebbaeus"
"1816","Lehabim"
"1817","Lemuel"
"1818","Letushim"
"1819","Leummim"
"1820","Levi"
"1821","Levi"
"1822","Levi"
"1823","Libni"
"1824","Libni"
"1825","Likhi"
"1826","Linus"
"1828","Lois"
"1830","Lot"
"1831","Lotan"
"1832","Lucifer"
"1833","Lucius"
"1834","Lud"
"1835","Ludim"
"1836","Luke"
"1837","Lydia"
"1838","Lysanias"
"1839","Maacah"
"1840","Maachah"
"1841","Maachah"
"1842","Maachah"
"1843","Maachah"
"1844","Maachah"
"1845","Maachah"
"1846","Maachah"
"1847","Maadai"
"1848","Maai"
"1849","Maaseiah"
"1850","Maaseiah"
"1851","Maaseiah"
"1852","Maaseiah"
"1853","Maaseiah"
"1854","Maaseiah"
"1855","Maaseiah"
"1856","Maaseiah"
"1857","Maaseiah"
"1858","Maaseiah"
"1859","Maaseiah"
"1860","Maaseiah"
"1861","Maaseiah"
"1862","Maaseiah"
"1863","Maaseiah"
"1864","Maaseiah"
"1865","Maaseiah"
"1866","Maaseiah"
"1867","Maaseiah"
"1868","Maaseiah"
"1869","Maaseiah"
"1870","Maasiai"
"1871","Maath"
"1872","Maaz"
"1873","Maaziah"
"1874","Maaziah"
"1875","Machbanai"
"1876","Machi"
"1877","Machir"
"1878","Machir"
"1879","Machnadebai"
"1880","Madai"
"1881","Magdiel"
"1882","Magog"
"1883","Magpiash"
"1884","Mahalah"
"1885","Mahalaleel"
"1886","Mahalaleel"
"1887","Mahalath"
"1888","Mahalath"
"1889","Mahali"
"1890","Maharai"
"1891","Mahath"
"1892","Mahath"
"1893","Mahazioth"
"1895","Mahlah"
"1896","Mahli"
"1897","Mahlon"
"1898","Mahol"
"1899","Malachi"
"1900","Malcham"
"1901","Malchiah"
"1902","Malchiah"
"1903","Malchiah"
"1904","Malchiah"
"1905","Malchiah"
"1906","Malchiah"
"1907","Malchiah"
"1908","Malchiel"
"1909","Malchijah"
"1910","Malchijah"
"1911","Malchijah"
"1912","Malchijah"
"1913","Malchijah"
"1914","Malchijah"
"1915","Malchiram"
"1916","Malchus"
"1917","Mallothi"
"1918","Malluch"
"1919","Malluch"
"1920","Malluch"
"1921","Malluch"
"1922","Malluch"
"1923","Mamre"
"1924","man of great stature"
"1925","man of understanding"
"1926","Manaen"
"1927","Manahath"
"1928","Manasseh"
"1929","Manasseh"
"1930","Manasseh"
"1931","Manasseh"
"1932","Manasseh"
"1933","Manoah"
"1934","Maoch"
"1935","Maon"
"1936","Marsena"
"1937","Martha"
"1938","Mary"
"1939","Mary"
"1940","Mary"
"1941","Mary"
"1942","Mary"
"1943","Mary Magdalene"
"1944","Mash"
"1945","Massa"
"1946","Matred"
"1947","Matri"
"1948","Mattan"
"1949","Mattan"
"1950","Mattaniah"
"1951","Mattaniah"
"1952","Mattaniah"
"1953","Mattaniah"
"1954","Mattaniah"
"1955","Mattaniah"
"1956","Mattaniah"
"1957","Mattaniah"
"1958","Mattaniah"
"1959","Mattaniah"
"1960","Mattaniah"
"1961","Mattatha"
"1962","Mattathah"
"1963","Mattathias"
"1964","Mattathias"
"1965","Mattenai"
"1966","Mattenai"
"1967","Mattenai"
"1968","Matthan"
"1969","Matthat"
"1970","Matthat"
"1971","Matthew"
"1972","Matthias"
"1973","Mattithiah"
"1974","Mattithiah"
"1975","Mattithiah"
"1976","Mattithiah"
"1977","Medad"
"1978","Medan"
"1979","Mehetabeel"
"1980","Mehetabel"
"1981","Mehida"
"1982","Mehir"
"1983","Mehujael"
"1984","Mehuman"
"1985","Mehunim"
"1986","Melatiah"
"1987","Melchi"
"1988","Melchi"
"1989","Melchiah"
"1991","Melchizedek"
"1992","Melea"
"1993","Melech"
"1994","Melzar"
"1995","Memucan"
"1996","Menahem"
"1997","Menan"
"1998","Meonothai"
"1999","Mephibosheth"
"2000","Mephibosheth"
"2001","Merab"
"2002","Meraiah"
"2003","Meraioth"
"2004","Merari"
"2005","Mered"
"2006","Meremoth"
"2007","Meremoth"
"2008","Meres"
"2009","Mesha"
"2010","Mesha"
"2011","Mesha"
"2012","Meshech"
"2013","Meshelemiah"
"2014","Meshezabeel"
"2015","Meshezabeel"
"2016","Meshezabeel"
"2017","Meshillemith"
"2018","Meshillemoth"
"2019","Meshobab"
"2020","Meshullam"
"2021","Meshullam"
"2022","Meshullam"
"2023","Meshullam"
"2024","Meshullam"
"2025","Meshullam"
"2026","Meshullam"
"2027","Meshullam"
"2028","Meshullam"
"2029","Meshullam"
"2030","Meshullam"
"2031","Meshullam"
"2032","Meshullam"
"2033","Meshullam"
"2034","Meshullam"
"2035","Meshullam"
"2036","Meshullam"
"2037","Meshullam"
"2038","Meshullam"
"2039","Meshullam"
"2040","Meshullemeth"
"2041","Methusael"
"2042","Methuselah"
"2043","Mezahab"
"2044","Miamin"
"2045","Mibhar"
"2046","Mibsam"
"2047","Mibsam"
"2048","Mibzar"
"2049","Micah"
"2050","Micah"
"2051","Micah"
"2052","Micah"
"2053","Micah"
"2054","Micaiah"
"2055","Micha"
"2056","Micha"
"2057","Micha"
"2058","Michael"
"2059","Michael"
"2060","Michael"
"2061","Michael"
"2062","Michael"
"2063","Michael"
"2064","Michael"
"2065","Michael"
"2066","Michael"
"2067","Michael"
"2068","Michael"
"2069","Michaiah"
"2070","Michaiah"
"2071","Michaiah"
"2072","Michaiah"
"2073","Michal"
"2074","Michri"
"2075","Midian"
"2076","Mijamin"
"2077","Mijamin"
"2078","Mikloth"
"2079","Mikloth"
"2080","Mikneiah"
"2081","Milalai"
"2082","Milcah"
"2083","Milcah"
"2084","Milcom"
"2085","Miniamin"
"2086","Miniamin"
"2087","Miriam"
"2088","Miriam"
"2089","Mirma"
"2090","Mishael"
"2091","Mishael"
"2092","Mishael"
"2093","Misham"
"2094","Mishma"
"2095","Mishma"
"2096","Mishmannah"
"2097","Mithredath"
"2098","Mithredath"
"2100","Mizraim"
"2101","Mizzah"
"2102","Mnason"
"2103","Moab"
"2104","Molech"
"2105","Molid"
"2106","Mordecai"
"2107","Mordecai"
"2108","Moses"
"2109","Mother of Aholah and Aholibah"
"2110","Mother of Lemuel"
"2111","Mother of the Wife of Simon"
"2112","Mother of Zebedees children"
"2113","Moza"
"2114","Moza"
"2115","Muppim"
"2116","Mushi"
"2117","Naam"
"2118","Naamah"
"2119","Naamah"
"2120","Naaman"
"2121","Naaman"
"2122","Naaman"
"2123","Naaman"
"2124","Naarah"
"2125","Naarai"
"2126","Nabal"
"2127","Naboth"
"2128","Nadab"
"2129","Nadab"
"2130","Nadab"
"2131","Nadab"
"2132","Nagge"
"2133","Naham"
"2134","Nahamani"
"2136","Nahash"
"2137","Nahash"
"2138","Nahash"
"2139","Nahash"
"2140","Nahath"
"2141","Nahbi"
"2142","Nahor"
"2143","Nahor"
"2144","Nahshon"
"2145","Nahum"
"2147","Naomi"
"2148","Naphish"
"2149","Naphtali"
"2150","Naphtuhim"
"2151","Narcissus"
"2152","Nathan"
"2153","Nathan"
"2154","Nathan"
"2155","Nathan"
"2156","Nathan"
"2157","Nathan"
"2158","Nathanael"
"2160","Naum"
"2161","Neariah"
"2162","Neariah"
"2163","Nebai"
"2164","Nebajoth"
"2165","Nebat"
"2166","Nebo"
"2167","Nebuchadnezzar"
"2168","Nebushasban"
"2170","Nedabiah"
"2171","Nehemiah"
"2172","Nehemiah"
"2173","Nehemiah"
"2174","Nehushta"
"2175","Nekoda"
"2176","Nekoda"
"2177","Nemuel"
"2178","Nepheg"
"2179","Nepheg"
"2180","Nephusim"
"2181","Ner"
"2182","Nereus"
"2185","Neri"
"2186","Neriah"
"2188","Nethaneel"
"2189","Nethaneel"
"2190","Nethaneel"
"2191","Nethaneel"
"2192","Nethaneel"
"2193","Nethaneel"
"2194","Nethaneel"
"2195","Nethaneel"
"2196","Nethaneel"
"2197","Nethaneel"
"2198","Nethaniah"
"2199","Nethaniah"
"2200","Nethaniah"
"2201","Nethaniah"
"2202","Neziah"
"2203","Nicanor"
"2204","Nicodemus"
"2205","Nicolas"
"2206","Nimrod"
"2207","Nimshi"
"2208","Noadiah"
"2209","Noadiah"
"2210","Noah"
"2211","Noah"
"2212","Nobah"
"2213","Nogah"
"2214","Nun"
"2215","Obadiah"
"2216","Obadiah"
"2217","Obadiah"
"2218","Obadiah"
"2219","Obadiah"
"2220","Obadiah"
"2221","Obadiah"
"2222","Obadiah"
"2223","Obadiah"
"2224","Obadiah"
"2225","Obadiah"
"2226","Obadiah"
"2227","Obal"
"2228","Obed"
"2229","Obed"
"2230","Obed"
"2231","Obed"
"2232","Obed"
"2234","Obil"
"2235","Ocran"
"2236","Oded"
"2237","Oded"
"2238","Og"
"2239","Ohad"
"2240","Ohel"
"2241","Olympas"
"2242","Omar"
"2243","Omri"
"2244","Omri"
"2245","Omri"
"2246","Omri"
"2247","On"
"2248","Onam"
"2249","Onam"
"2250","Onan"
"2251","Onesimus"
"2252","Onesiphorus"
"2253","Ophir"
"2254","Ophrah"
"2255","Oreb"
"2256","Oren"
"2257","Orpah"
"2258","Othni"
"2259","Othniel"
"2260","Ozem"
"2261","Ozem"
"2262","Paarai"
"2263","Padon"
"2264","Pagiel"
"2268","Palal"
"2269","Palti"
"2270","Paltiel"
"2271","Parmashta"
"2272","Parmenas"
"2273","Parnach"
"2274","Parosh"
"2275","Parosh"
"2276","Parosh"
"2277","Parshandatha"
"2278","Paruah"
"2279","Pasach"
"2280","Paseah"
"2281","Paseah"
"2282","Paseah"
"2283","Pashur"
"2284","Pashur"
"2285","Pashur"
"2286","Pashur"
"2287","Pashur"
"2288","Pathrusim"
"2289","Patrobas"
"2290","Pedahel"
"2291","Pedahzur"
"2292","Pedaiah"
"2293","Pedaiah"
"2294","Pedaiah"
"2295","Pedaiah"
"2296","Pedaiah"
"2297","Pedaiah"
"2298","Pedaiah"
"2299","Pekah"
"2300","Pekahiah"
"2301","Pelaiah"
"2302","Pelaiah"
"2303","Pelaliah"
"2304","Pelatiah"
"2305","Pelatiah"
"2306","Pelatiah"
"2307","Pelatiah"
"2308","Peleg"
"2309","Pelet"
"2310","Pelet"
"2311","Peleth"
"2312","Peleth"
"2313","Peninnah"
"2314","Penuel"
"2315","Penuel"
"2316","Peresh"
"2317","Persis"
"2318","Peruda"
"2319","Pethahiah"
"2320","Pethahiah"
"2321","Pethahiah"
"2322","Pethahiah"
"2323","Pethuel"
"2324","Peulthai"
"2325","Phallu"
"2326","Phalti"
"2327","Phanuel"
"2328","Pharaoh"
"2329","Pharaoh"
"2330","Pharaoh"
"2331","Pharaoh"
"2332","Pharaoh"
"2333","Pharaoh"
"2334","Pharaoh"
"2335","Pharaoh"
"2336","Pharaoh"
"2338","Pharez"
"2339","Pharosh"
"2340","Phebe"
"2341","Phichol"
"2342","Philemon"
"2343","Philetus"
"2344","Philip"
"2345","Philip"
"2346","Philip"
"2347","Philip"
"2348","Philologus"
"2349","Phinehas"
"2350","Phinehas"
"2351","Phinehas"
"2352","Phlegon"
"2353","Phurah"
"2354","Phut"
"2355","Phuvah"
"2356","Phygellus"
"2357","Pildash"
"2358","Pileha"
"2359","Piltai"
"2360","Pinon"
"2361","Piram"
"2362","Pispah"
"2363","Pithon"
"2364","Pochereth"
"2365","Pontius Pilate"
"2366","Poratha"
"2367","Porcius Festus"
"2368","Potiphar"
"2370","Priscilla"
"2371","Prochorus"
"2372","Puah"
"2373","Puah"
"2374","Publius"
"2375","Pudens"
"2376","Pul"
"2377","Putiel"
"2378","Quartus"
"2379","Queen of Sheba"
"2380","Raamah"
"2382","Rabsaris"
"2383","Rabsaris"
"2384","Rabshakeh"
"2385","Rachab"
"2386","Rachel"
"2387","Raddai"
"2388","Rahab"
"2389","Raham"
"2390","Rakem"
"2391","Ram"
"2392","Ram"
"2393","Ram"
"2394","Ramiah"
"2395","Ramoth"
"2396","Rapha"
"2397","Raphu"
"2398","Reaia"
"2399","Reaiah"
"2400","Reba"
"2401","Rebekah"
"2402","Rechab"
"2403","Rechab"
"2404","Rechab"
"2405","Rechah"
"2406","Reelaiah"
"2407","Regem"
"2409","Rehabiah"
"2410","Rehob"
"2411","Rehob"
"2412","Rehoboam"
"2413","Rehum"
"2414","Rehum"
"2415","Rehum"
"2416","Rehum"
"2417","Rei"
"2418","Rekem"
"2419","Rekem"
"2420","Remaliah"
"2421","Rephael"
"2422","Rephah"
"2423","Rephaiah"
"2424","Rephaiah"
"2425","Rephaiah"
"2426","Rephaiah"
"2427","Resheph"
"2428","Reu"
"2429","Reuben"
"2430","Reuel"
"2431","Reuel"
"2432","Reuel"
"2433","Reumah"
"2434","Rezia"
"2435","Rezin"
"2436","Rezin"
"2437","Rezon"
"2438","Rhesa"
"2439","Rhoda"
"2440","Ribai"
"2441","Rimmon"
"2442","Rinnah"
"2443","Riphath"
"2444","Rizpah"
"2445","Rohgah"
"2447","Rosh"
"2448","Rufus"
"2449","Rufus"
"2450","Ruth"
"2451","Sabtah"
"2453","Sacar"
"2454","Sadoc"
"2455","Salah"
"2456","Salathiel"
"2457","Salathiel"
"2458","Sallai"
"2459","Sallu"
"2460","Sallu"
"2461","Sallu"
"2462","Salma"
"2463","Salmon"
"2464","Salome"
"2465","Salu"
"2467","Samlah"
"2468","Samson"
"2469","Samuel"
"2470","Sanballat"
"2471","Saph"
"2472","Sapphira"
"2473","Sarai"
"2474","Saraph"
"2475","Sarsechim"
"2476","Satan"
"2477","Saul"
"2478","Saul"
"2479","Saul"
"2480","Sceva"
"2481","Seba"
"2482","Secundus"
"2483","Segub"
"2484","Segub"
"2485","Seir"
"2486","Seled"
"2487","Semachiah"
"2488","Semei"
"2489","Sennacherib"
"2490","Senuah"
"2491","Seorim"
"2492","Serah"
"2493","Seraiah"
"2494","Seraiah"
"2495","Seraiah"
"2496","Seraiah"
"2497","Seraiah"
"2498","Seraiah"
"2499","Seraiah"
"2500","Seraiah"
"2501","Sered"
"2502","Sergius Paulus"
"2503","Serug"
"2504","Seth"
"2505","Sethur"
"2506","Shaaph"
"2507","Shaaph"
"2508","Shaashgaz"
"2509","Shabbethai"
"2510","Shabbethai"
"2511","Shabbethai"
"2512","Shachia"
"2513","Shaharaim"
"2514","Shallum"
"2515","Shallum"
"2516","Shallum"
"2517","Shallum"
"2518","Shallum"
"2519","Shallum"
"2520","Shallum"
"2521","Shallum"
"2522","Shallum"
"2523","Shallum"
"2524","Shallum"
"2525","Shallum"
"2526","Shallum"
"2527","Shallun"
"2528","Shalmai"
"2529","Shalmaneser"
"2530","Shama"
"2531","Shamariah"
"2532","Shamed"
"2533","Shamer"
"2534","Shamgar"
"2535","Shamhuth"
"2536","Shamir"
"2537","Shamma"
"2538","Shammah"
"2539","Shammah"
"2540","Shammah"
"2541","Shammah"
"2542","Shammai"
"2543","Shammai"
"2544","Shammai"
"2545","Shammua"
"2546","Shammua"
"2548","Shamsherai"
"2549","Shapham"
"2550","Shaphan"
"2551","Shaphan"
"2552","Shaphat"
"2553","Shaphat"
"2554","Shaphat"
"2555","Shaphat"
"2556","Shaphat"
"2557","Sharai"
"2558","Sharar"
"2559","Sharezer"
"2560","Shashai"
"2561","Shashak"
"2562","Shaul"
"2563","Shaul"
"2564","Sheal"
"2565","Sheariah"
"2567","Sheba"
"2568","Sheba"
"2569","Sheba"
"2570","Sheba"
"2571","Sheba"
"2572","Shebaniah"
"2573","Shebaniah"
"2574","Shebaniah"
"2575","Shebaniah"
"2576","Sheber"
"2577","Shebna"
"2578","Shebna"
"2579","Shebuel"
"2580","Shebuel"
"2581","Shecaniah"
"2582","Shecaniah"
"2583","Shechaniah"
"2584","Shechaniah"
"2585","Shechaniah"
"2586","Shechaniah"
"2587","Shechaniah"
"2588","Shechem"
"2589","Shechem"
"2590","Shechem"
"2591","Shedeur"
"2592","Shehariah"
"2593","Shelah"
"2594","Shelemiah"
"2595","Shelemiah"
"2596","Shelemiah"
"2597","Shelemiah"
"2598","Shelemiah"
"2599","Shelemiah"
"2600","Shelemiah"
"2601","Shelemiah"
"2602","Sheleph"
"2603","Shelesh"
"2604","Shelomi"
"2605","Shelomith"
"2606","Shelomith"
"2607","Shelomith"
"2608","Shelomith"
"2609","Shelomith"
"2610","Shelomith"
"2611","Shelomith"
"2612","Shelumiel"
"2613","Shem"
"2614","Shema"
"2615","Shema"
"2616","Shema"
"2617","Shema"
"2618","Shemaah"
"2619","Shemaiah"
"2620","Shemaiah"
"2621","Shemaiah"
"2622","Shemaiah"
"2623","Shemaiah"
"2624","Shemaiah"
"2625","Shemaiah"
"2626","Shemaiah"
"2627","Shemaiah"
"2628","Shemaiah"
"2629","Shemaiah"
"2630","Shemaiah"
"2631","Shemaiah"
"2632","Shemaiah"
"2633","Shemaiah"
"2634","Shemaiah"
"2635","Shemaiah"
"2636","Shemaiah"
"2637","Shemaiah"
"2638","Shemaiah"
"2639","Shemaiah"
"2640","Shemaiah"
"2641","Shemaiah"
"2642","Shemaiah"
"2643","Shemaiah"
"2644","Shemaiah"
"2645","Shemariah"
"2646","Shemariah"
"2647","Shemariah"
"2648","Shemeber"
"2649","Shemer"
"2650","Shemida"
"2651","Shemiramoth"
"2652","Shemiramoth"
"2653","Shemuel"
"2654","Shemuel"
"2655","Shenazar"
"2656","Shephathiah"
"2657","Shephatiah"
"2658","Shephatiah"
"2659","Shephatiah"
"2660","Shephatiah"
"2661","Shephatiah"
"2662","Shephatiah"
"2663","Shephatiah"
"2664","Shephatiah"
"2665","Shepho"
"2666","Sherah"
"2667","Sherebiah"
"2668","Sherebiah"
"2669","Sheresh"
"2670","Sherezer"
"2671","Sheshai"
"2672","Sheshan"
"2673","Shethar"
"2675","Sheva"
"2676","Shilhi"
"2677","Shillem"
"2678","Shiloni"
"2679","Shilshah"
"2680","Shimea"
"2681","Shimea"
"2682","Shimeah"
"2683","Shimeath"
"2684","Shimei"
"2685","Shimei"
"2686","Shimei"
"2687","Shimei"
"2688","Shimei"
"2689","Shimei"
"2690","Shimei"
"2691","Shimei"
"2692","Shimei"
"2693","Shimei"
"2694","Shimei"
"2695","Shimei"
"2696","Shimei"
"2697","Shimeon"
"2698","Shimhi"
"2699","Shimi"
"2700","Shimma"
"2701","Shimon"
"2702","Shimrath"
"2703","Shimri"
"2704","Shimri"
"2705","Shimri"
"2706","Shimron"
"2707","Shimshai"
"2708","Shinab"
"2709","Shiphi"
"2710","Shiphrah"
"2711","Shiphtan"
"2712","Shishak"
"2713","Shitrai"
"2714","Shiza"
"2715","Shobab"
"2716","Shobab"
"2717","Shobach"
"2718","Shobai"
"2719","Shobal"
"2720","Shobal"
"2721","Shobek"
"2722","Shobi"
"2723","Shoham"
"2724","Shomer"
"2725","Shomer"
"2726","Shua"
"2727","Shuah"
"2728","Shuah"
"2729","Shuah"
"2730","Shual"
"2731","Shuni"
"2732","Shuppim"
"2733","Shuppim"
"2734","Shuthelah"
"2735","Shuthelah"
"2736","Siaha"
"2737","Sibbechai"
"2738","Sidon"
"2739","Sihon"
"2740","Silas"
"2741","Simeon"
"2742","Simeon"
"2743","Simeon"
"2744","Simeon"
"2745","Simon"
"2746","Simon"
"2747","Simon"
"2748","Simon"
"2749","Simon"
"2750","Simon"
"2751","Simon"
"2752","Simon"
"2753","Simon"
"2754","Simri"
"2755","Sinite"
"2756","Sisamai"
"2757","Sisera"
"2758","Sisera"
"2759","Sister of Tahpenes"
"2760","So"
"2761","Sodi"
"2762","Solomon"
"2763","son of Abinadab"
"2764","son of Dekar"
"2765","son of Geber"
"2766","son of Hesed"
"2767","son of Hur"
"2768","Son of Joiada"
"2769","Sons of Jashen"
"2770","Sopater"
"2771","Sophereth"
"2772","Sosthenes"
"2773","Sotai"
"2774","Stachys"
"2801","Stephanas"
"2802","Stephen"
"2803","Suah"
"2804","Susanna"
"2805","Susi"
"2806","Syntyche"
"2807","Tabbaoth"
"2808","Tabeal"
"2809","Tabeel"
"2810","Tabitha"
"2811","Tabrimon"
"2812","Tahan"
"2813","Tahan"
"2814","Tahath"
"2815","Tahath"
"2816","Tahath"
"2817","Tahpenes"
"2818","Talmai"
"2819","Talmai"
"2820","Talmon"
"2821","Tamar"
"2822","Tamar"
"2823","Tamar"
"2824","Tanhumeth"
"2825","Taphath"
"2826","Tappuah"
"2827","Tarea"
"2828","Tarshish"
"2829","Tarshish"
"2830","Tartan"
"2831","Tatnai"
"2832","Tebah"
"2833","Tebaliah"
"2834","Tehinnah"
"2835","Telah"
"2836","Telem"
"2837","Tema"
"2838","Teman"
"2839","Teman"
"2840","Temeni"
"2841","Terah"
"2842","Teresh"
"2843","Tertius"
"2844","Tertullus"
"2845","Thahash"
"2846","Thamah"
"2847","Tharshish"
"2848","the giant in Gath"
"2849","Theophilus"
"2850","Theudas"
"2851","Thomas"
"2852","Tiberius"
"2853","Tibni"
"2854","Tidal"
"2855","Tikvah"
"2856","Tikvah"
"2857","Tilon"
"2858","Timaeus"
"2859","Timna"
"2860","Timna"
"2861","Timnah"
"2862","Timon"
"2863","Timotheus"
"2864","Tiras"
"2865","Tirhakah"
"2866","Tirhanah"
"2867","Tiria"
"2868","Tirzah"
"2869","Titus"
"2870","Tobadonijah"
"2871","Tobiah"
"2872","Tobiah"
"2873","Tobijah"
"2874","Tobijah"
"2875","Togarmah"
"2876","Tohu"
"2877","Toi"
"2878","Tola"
"2879","Tola"
"2880","Trophimus"
"2881","Tryphena"
"2882","Tryphosa"
"2883","Tubal"
"2885","Tychicus"
"2886","Tyrannus"
"2887","Ucal"
"2888","Uel"
"2889","Ulam"
"2890","Ulam"
"2891","Unni"
"2892","Unni"
"2893","Ur"
"2894","Urbane"
"2895","Uri"
"2896","Uri"
"2897","Uri"
"2898","Uriah"
"2899","Uriah"
"2900","Uriel"
"2901","Uriel"
"2902","Uriel"
"2903","Urijah"
"2904","Urijah"
"2905","Urijah"
"2906","Uthai"
"2907","Uthai"
"2908","Uz"
"2909","Uz"
"2910","Uzai"
"2911","Uzal"
"2912","Uzza"
"2913","Uzza"
"2914","Uzza"
"2915","Uzza"
"2916","Uzzah"
"2917","Uzzi"
"2918","Uzzi"
"2919","Uzzi"
"2920","Uzzi"
"2921","Uzzi"
"2922","Uzzi"
"2923","Uzzi"
"2924","Uzzia"
"2925","Uzziah"
"2926","Uzziah"
"2927","Uzziah"
"2928","Uzziah"
"2929","Uzziel"
"2930","Uzziel"
"2931","Uzziel"
"2932","Uzziel"
"2933","Uzziel"
"2934","Uzziel"
"2935","Vajezatha"
"2936","Vaniah"
"2937","Vashti"
"2938","Vophsi"
"2939","Wife of Caiaphas"
"2940","Wife of Ezekiel"
"2941","Wife of Jesse"
"2942","Wife of Salathiel and Pedaiah"
"2943","Wife of Simon"
"2944","Zaavan"
"2945","Zabad"
"2946","Zabad"
"2947","Zabad"
"2948","Zabad"
"2949","Zabad"
"2950","Zabad"
"2951","Zabbai"
"2952","Zabbai"
"2953","Zabbud"
"2954","Zabdi"
"2955","Zabdi"
"2956","Zabdi"
"2957","Zabdiel"
"2958","Zabdiel"
"2959","Zabud"
"2960","Zaccai"
"2961","Zacchaeus"
"2962","Zacchur"
"2963","Zaccur"
"2964","Zaccur"
"2965","Zaccur"
"2966","Zaccur"
"2967","Zaccur"
"2968","Zaccur"
"2969","Zachariah"
"2970","Zachariah"
"2971","Zacharias"
"2972","Zacher"
"2973","Zadok"
"2974","Zadok"
"2975","Zadok"
"2976","Zadok"
"2977","Zadok"
"2978","Zadok"
"2979","Zadok"
"2980","Zaham"
"2981","Zalaph"
"2982","Zalmon"
"2983","Zalmunna"
"2984","Zarah"
"2985","Zatthu"
"2986","Zattu"
"2987","Zaza"
"2988","Zebadiah"
"2989","Zebadiah"
"2990","Zebadiah"
"2991","Zebadiah"
"2992","Zebadiah"
"2993","Zebadiah"
"2994","Zebadiah"
"2995","Zebadiah"
"2996","Zebadiah"
"2997","Zebah"
"2998","Zebedee"
"2999","Zebina"
"3000","Zebudah"
"3001","Zebul"
"3002","Zebulun"
"3003","Zechariah"
"3004","Zechariah"
"3005","Zechariah"
"3006","Zechariah"
"3007","Zechariah"
"3008","Zechariah"
"3009","Zechariah"
"3010","Zechariah"
"3011","Zechariah"
"3012","Zechariah"
"3013","Zechariah"
"3014","Zechariah"
"3015","Zechariah"
"3016","Zechariah"
"3017","Zechariah"
"3018","Zechariah"
"3019","Zechariah"
"3020","Zechariah"
"3021","Zechariah"
"3022","Zechariah"
"3023","Zechariah"
"3024","Zechariah"
"3025","Zechariah"
"3026","Zechariah"
"3027","Zechariah"
"3028","Zechariah"
"3029","Zedekiah"
"3030","Zedekiah"
"3031","Zedekiah"
"3032","Zedekiah"
"3033","Zeeb"
"3034","Zelek"
"3035","Zelophehad"
"3036","Zemarite"
"3037","Zemira"
"3038","Zenas"
"3039","Zephaniah"
"3040","Zephaniah"
"3041","Zephaniah"
"3042","Zepho"
"3043","Zerah"
"3044","Zerah"
"3045","Zerah"
"3046","Zerah"
"3047","Zerahiah"
"3048","Zerahiah"
"3049","Zeresh"
"3050","Zereth"
"3051","Zeri"
"3052","Zeror"
"3053","Zeruah"
"3054","Zerubbabel"
"3055","Zeruiah"
"3056","Zetham"
"3057","Zethan"
"3058","Zethar"
"3059","Zia"
"3060","Ziba"
"3061","Zibeon"
"3062","Zibeon"
"3063","Zibia"
"3064","Zibiah"
"3065","Zichri"
"3066","Zichri"
"3067","Zichri"
"3068","Zichri"
"3069","Zichri"
"3070","Zichri"
"3071","Zichri"
"3072","Zichri"
"3073","Zichri"
"3074","Zichri"
"3075","Zichri"
"3076","Zichri"
"3077","Zidkijah"
"3078","Ziha"
"3079","Ziha"
"3080","Zillah"
"3081","Zilpah"
"3082","Zilthai"
"3083","Zilthai"
"3084","Zimmah"
"3085","Zimmah"
"3086","Zimran"
"3087","Zimri"
"3088","Zimri"
"3089","Zimri"
"3090","Zina"
"3091","Ziph"
"3092","Ziphah"
"3093","Ziphion"
"3094","Zippor"
"3095","Zipporah"
"3096","Zithri"
"3097","Ziza"
"3098","Ziza"
"3099","Zoar"
"3100","Zobebah"
"3101","Zohar"
"3102","Zohar"
"3103","Zoheth"
"3104","Zophah"
"3105","Zophar"
"3106","Zorobabel"
"3107","Zuar"
"3108","Zuph"
"3109","Zur"
"3110","Zur"
"3111","Zur"
"3112","Zuriel"
"3113","Zurishaddai"
"2","Apollyon"
"14","Abijah"
"18","Abiel"
"19","Ebiasaph"
"21","Abida"
"23","Ner"
"36","Abia"
"38","Abia"
"58","Abraham"
"59","Abishalom"
"61","Achar"
"63","Abdon"
"66","Abimelech"
"84","Azareel"
"102","Adoniram"
"118","Achaz"
"121","Jehoahaz"
"126","Ahimelech"
"149","Abimelech"
"150","Mahath"
"178","Aiah"
"179","Jakan"
"194","Aliah"
"195","Alian"
"218","Amon"
"228","Aminadab"
"289","Ornan"
"311","Arod"
"324","Asaiah"
"334","Jesharelah"
"337","Aser"
"338","Ashchenaz"
"375","Uzziah"
"387","Balac"
"391","Binnui"
"403","Elymas"
"414","Adah"
"418","Bazlith"
"436","Bela"
"463","Benjamin"
"466","Bosor"
"469","Berechiah"
"495","Bigthana"
"501","Bilgah"
"519","Booz"
"534","Kenan"
"538","Chelubai"
"597","Imla"
"617","Esaias"
"640","Isuah"
"641","Abinadab"
"647","Jeshaiah"
"648","Jesui"
"654","Jether"
"657","Ithai"
"658","Izehar"
"661","Jaala"
"664","Jair"
"667","Jezaniah"
"672","Aziel"
"679","Jarib"
"682","Israel"
"691","Shimei"
"706","Jahziel"
"717","Boanerges"
"730","Jered"
"736","Hashem"
"746","Ethni"
"750","Jecoliah"
"763","Abiezer"
"771","Jehieli"
"782","Jarah"
"791","Jeconiah"
"793","Barachias"
"797","Joiarib"
"799","Jonadab"
"803","Joram"
"804","Joram"
"811","Jehoshabeath"
"815","Jozadak"
"822","Jucal"
"827","Jehiah"
"838","Nemuel"
"839","Jephthae"
"853","Jeremy"
"857","Jerimoth"
"867","Jeremoth"
"882","Jerushah"
"893","Joshua"
"899","Jeshua"
"901","Isshiah"
"904","Justus"
"905","Immanuel"
"907","Ithra"
"917","Caphthorim"
"919","Kareah"
"939","Daniel"
"950","Cleophas"
"975","Belteshazzar"
"1021","Dodai"
"1030","Heber"
"1038","Aharah"
"1061","Eshek"
"1078","Beeliada"
"1085","Jehoiakim"
"1089","Ammiel"
"1126","Eliab"
"1131","Elias"
"1143","Eliphelet"
"1148","Elpalet"
"1153","Eliseus"
"1163","Elishama"
"1189","Elizaphan"
"1192","Henoch"
"1193","Enosh"
"1207","Ephratah"
"1216","Edom"
"1224","Jeduthun"
"1235","Ozni"
"1305","Gershom"
"1307","Gashmu"
"1310","Gibeon"
"1314","Jerubbaal"
"1321","Ginnetho"
"1322","Girgashite"
"1340","Hadarezer"
"1341","Hadad"
"1342","Hadad"
"1343","Esther"
"1347","Hagaba"
"1348","Agar"
"1365","Emmor"
"1398","Shadrach"
"1402","Henoch"
"1414","Hasrah"
"1421","Reaiah"
"1450","Hashub"
"1451","Hashupha"
"1477","Hegai"
"1479","Helem"
"1480","Heled"
"1487","Homam"
"1492","Amram"
"1512","Ezekias"
"1518","Hezro"
"1520","Esrom"
"1521","Hurai"
"1532","Huram"
"1533","Huram"
"1542","Judah"
"1555","Osee"
"1562","Helem"
"1569","Hupham"
"1579","Shuham"
"1592","Adaiah"
"1616","Jimna"
"1622","Ethan"
"1632","Jehoash"
"1633","Jehoash"
"1638","Jashub"
"1647","Vashni"
"1677","Boanerges"
"1679","Mark"
"1687","Jonas"
"1688","Jonathan"
"1689","Jonas"
"1698","Johanan"
"1703","Hariph"
"1705","Hadoram"
"1720","Barsabas"
"1722","Barnabas"
"1727","Oshea"
"1730","Josias"
"1731","Hen"
"1735","Joatham"
"1746","Zabad"
"1751","Judas"
"1756","Juda"
"1759","Barsabas"
"1761","Aholibamah"
"1771","Kelita"
"1784","Cis"
"1788","Kushaiah"
"1795","Core"
"1814","Lebana"
"1815","Thaddaeus"
"1823","Jahath"
"1836","Lucas"
"1839","Maachah"
"1841","Michaiah"
"1870","Amashai"
"1874","Maadiah"
"1885","Maleleel"
"1887","Bashemath"
"1889","Mahli"
"1909","Malchiah"
"1921","Melicu"
"1928","Manasses"
"1930","Manasses"
"1934","Maachah"
"1944","Meshech"
"1950","Zedekiah"
"1971","Levi"
"1985","Meunim"
"1989","Malchiah"
"1991","Melchisedec"
"2001","Michal"
"2006","Meraioth"
"2012","Mesech"
"2013","Shelemiah"
"2017","Meshillemoth"
"2026","Ahasai"
"2042","Mathusala"
"2051","Micha"
"2052","Michah"
"2055","Micah"
"2057","Michaiah"
"2069","Micah"
"2077","Miamin"
"2092","Meshach"
"2099","Mispereth"
"2111","Peter"
"2115","Shupham"
"2120","Nohah"
"2135","Naharai"
"2142","Nachor"
"2144","Naashon"
"2146","Nahath"
"2147","Mara"
"2149","Nephthalim"
"2164","Nebaioth"
"2167","Nebuchadrezzar"
"2180","Nephishesim"
"2210","Noe"
"2214","Non"
"2219","Abda"
"2227","Ebal"
"2233","Shimei"
"2281","Phaseah"
"2308","Phalec"
"2318","Perida"
"2325","Pallu"
"2326","Phaltiel"
"2337","Necho"
"2338","Phares"
"2354","Put"
"2355","Pua"
"2370","Prisca"
"2386","Rahel"
"2391","Aram"
"2396","Rephaiah"
"2406","Raamiah"
"2412","Roboam"
"2413","Nehum"
"2428","Ragau"
"2431","Jethro"
"2447","Rapha"
"2451","Sabta"
"2452","Sabtecha"
"2455","Sala"
"2456","Shealtiel"
"2461","Sallai"
"2463","Salma"
"2469","Shemuel"
"2471","Sippai"
"2473","Sarah"
"2476","Beelzebub"
"2477","Shaul"
"2479","Paul"
"2489","Sargon"
"2492","Sarah"
"2493","Sheva"
"2503","Saruch"
"2504","Sheth"
"2516","Jehoahaz"
"2519","Meshullam"
"2529","Shalman"
"2540","Shammoth"
"2541","Shage"
"2547","Shimea"
"2558","Sacar"
"2563","Joel"
"2574","Shechaniah"
"2579","Shubael"
"2580","Shubael"
"2588","Sychem"
"2608","Shelomoth"
"2613","Sem"
"2624","Shammua"
"2650","Shemidah"
"2665","Shephi"
"2677","Shallum"
"2699","Shimei"
"2700","Shammah"
"2717","Shophach"
"2724","Shimrith"
"2725","Shamer"
"2728","Shua"
"2730","Ulla"
"2736","Sia"
"2737","Sibbecai"
"2738","Zidon"
"2740","Silvanus"
"2744","Niger"
"2745","Peter"
"2746","Zelotes"
"2762","Jedidiah"
"2769","Hashem"
"2770","Sosipater"
"2810","Dorcas"
"2821","Thamar"
"2827","Tahrea"
"2841","Thara"
"2846","Tamah"
"2851","Didymus"
"2855","Tikvath"
"2863","Timothy"
"2876","Nahath"
"2877","Tou"
"2898","Urias"
"2899","Urijah"
"2900","Zephaniah"
"2903","Uriah"
"2916","Uzza"
"2925","Azariah"
"2932","Azareel"
"2943","Peter"
"2944","Zavan"
"2954","Zimri"
"2970","Zechariah"
"2972","Zechariah"
"2982","Ilai"
"2984","Zerah"
"3002","Zabulon"
"3011","Zacharias"
"3042","Zephi"
"3047","Ahitub"
"3051","Izri"
"3054","Zorobabel"
"3069","Zabdi"
"3090","Zizah"
"3093","Zephon"
"3102","Zerah"
"3108","Zophai"
"19","Asaph"
"23","Jehiel"
"38","Abijah"
"102","Hadoram"
"121","Azariah"
"375","Ozias"
"416","Bath"
"538","Carmi"
"648","Ishuai"
"658","Amminadab"
"667","Azariah"
"791","Jechonias"
"808","Josaphat"
"815","Josedech"
"853","Jeremias"
"905","Emmanuel"
"1126","Eliel"
"1314","Gedeon"
"1480","Heldai"
"1542","Hodevah"
"1569","Huram"
"1616","Imnah"
"1679","Marcus"
"1720","Justus"
"1722","Jupiter"
"1727","Jehoshua"
"1751","Juda"
"1756","Jude"
"1815","Judas"
"1823","Laadan"
"1874","Moadiah"
"2077","Miniamin"
"2115","Shephuphan"
"2144","Naasson"
"2338","Perez"
"2355","Puah"
"2413","Harim"
"2431","Deuel"
"2455","Shelah"
"2473","Sara"
"2479","Mercurius"
"2493","Shisha"
"2547","Shammua"
"2700","Shimeah"
"2737","Mebunnai"
"2745","Cephas"
"2876","Toah"
"2984","Zara"
"3054","Sheshbazzar"
"791","Coniah"
"2376","Jareb"
"2431","Raguel"
"2493","Shavsha"
"2700","Shimei"
"2745","Simeon"
"1727","Hoshea"
"1727","Jeshua"
"1727","Jesus"
"905","Christ"
"1943","Magdalene"
"1760","Iscariot"
"2502","Paulus"
"2367","Festus"
"2365","Pilate"
"96","Adoni-bezek"
"101","Adoni-zedek"
"307","Aristobulus'"
"346","Asnappar"
"416","Bath-shua"
"451","Ben-ammi"
"452","Ben-hadad"
"453","Ben-hadad"
"454","Ben-hadad"
"456","Ben-hanan"
"464","Ben-zoheth"
"483","Merodach-baladan"
"486","Beth-rapha"
"573","Baal-peor"
"576","Baal-hanan"
"577","Baal-hanan"
"579","Baal-zebub"
"621","Ishbi-benob"
"622","Ish-bosheth"
"905","Jesus"
"915","woman"
"925","Carchemish"
"944","Chushan-rishathaim"
"948","Claudius"
"951","Col-hozeh"
"952","Col-hozeh"
"1029","Ebed-melech"
"1215","Esar-haddon"
"1233","Evil-merodach"
"1499","Hephzi-bah"
"1589","Ichabod's"
"1760","Judas"
"1765","Jushab-hesed"
"1780","Keren-happuch"
"1827","Lo-ammi"
"1829","Lo-ruhamah"
"1894","Maher-shalal-hash-baz"
"1943","Mary"
"1990","Malchi-shua"
"1999","Merib-baal"
"2099","Mispar"
"2159","Nathan-melech"
"2169","Nebuzar-adan"
"2265","Pahath-moab"
"2266","Pahath-moab"
"2336","Pharaoh-hophra"
"2337","Pharaoh-nechoh"
"2365","Pontius"
"2367","Porcius"
"2369","Poti-pherah"
"2376","Tilgath-pilneser"
"2381","Rab-mag"
"2408","Regem-melech"
"2446","Romamti-ezer"
"2466","Samgar-nebo"
"2502","Sergius"
"2566","Shear-jashub"
"2674","Shethar-boznai"
"2884","Tubal-Cain"
"2940","wife"
"2943","wife's"
"954","Aramitess"
"2267","Pahath-moab"
"2345","Philip's"
"2383","Rab-saris"
"2939","wife"
"2941","wife"
"2942","wife"
"2183","Nergal-sharezer"
"948","Lysias"
"985","Daughter of Lot - Older"
"7400","Spirit"
"403","Bar-jesus"
